SET DEFINE OFF;
ALTER SESSION SET NLS_DATE_FORMAT = 'MM/DD/YYYY';

INSERT INTO DEPARTMENTS
VALUES(1,'Faculty of Engineering & Architectural Science');
INSERT INTO DEPARTMENTS
VALUES(21,'Faculty of Arts');
INSERT INTO DEPARTMENTS
VALUES(2,'Faculty of Law');
INSERT INTO DEPARTMENTS
VALUES(22,'Faculty of Science');
INSERT INTO DEPARTMENTS
VALUES(3,'Faculty of Community Services');

INSERT INTO PROGRAMS
VALUES(4,'English',21);
INSERT INTO PROGRAMS
VALUES(3,'Biology',22);
INSERT INTO PROGRAMS
VALUES(2,'Ethics, Society and Law',2);
INSERT INTO PROGRAMS
VALUES(1,'Computer Engineering',1);

INSERT INTO USERS
VALUES(100000060,'alex.joel','alex.joel.11','student','08/07/2021',1234567890,'a.joel@example.com', 'Alex Joel', '8 Example Road', 'Markham', 'ON', 3);
INSERT INTO USERS
VALUES(100000081,'ab.cd','ab.cd','admin','09/09/2009',1238765432,'ab.cd@example.com', 'Ab Cade', '11 mango Avenue', 'London', 'ON', NULL);
INSERT INTO USERS
VALUES(100000040,'jason.green','jason.green','instructor','08/05/2015',6471201598,'jason.green@abc.ca', 'Jason Green', '11 Random Avenue', 'Toronto', 'ON', NULL);
INSERT INTO USERS
VALUES(100000064,'ker.hen','kermitTheFrog','instructor','01/01/2020',4164911444,'kermit.henson@gmail.com', 'Kermit Henson', '15 Sesame Street', 'New York City', 'NY', NULL);
INSERT INTO USERS
VALUES(100000004,'quan.ding','3RzPb@@W8lry','student','11/19/2022',4169671111,'quan.ding@gmail.com', 'Quandale Dingle', '25 Dale Street', 'Toronto', 'ON', 1);

INSERT INTO TERMS
VALUES(1,'Fall 2022','09/12/2022','12/16/2022');

INSERT INTO FINANCIAL_INFORMATION
VALUES(1,'09/05/2022',5500,5500,1,100000004,
'TuitionFall');

INSERT INTO COURSES
VALUES('COE328',1,'Digital Systems',1);
INSERT INTO COURSES
VALUES('CPS510',1,'Database Systems I',1);
INSERT INTO COURSES
VALUES('BLG144',50,'Biology II',22);
INSERT INTO COURSES
VALUES('MEC511',1,'Thermodynamics and Fluids',1);
INSERT INTO COURSES
VALUES('BLG143',50,'Biology I',22);
INSERT INTO COURSES
VALUES('CHY103',40,'General Chemistry I',22);
INSERT INTO COURSES
VALUES('CPS109',60,'Computer Science I',22);
INSERT INTO COURSES
VALUES('COE318',1,'Software Systems',1);

INSERT INTO COURSE_SECTIONS
VALUES ('COE318', 100000040, 1, 1, 60);
INSERT INTO COURSE_SECTIONS
VALUES ('BLG143', 100000064, 1, 1, 25);
INSERT INTO COURSE_SECTIONS
VALUES ('CPS109', 100000064, 1, 1, 30);
INSERT INTO COURSE_SECTIONS
VALUES ('CPS109', 100000040, 1, 2, 30);
INSERT INTO COURSE_SECTIONS
VALUES ('CHY103', 100000040, 1, 1, 30);
INSERT INTO COURSE_SECTIONS
VALUES ('BLG143', 100000064, 1, 2, 25);

INSERT INTO STUDENT_ENROLLMENTS (STUDENT_ID, COURSE_CODE, TERM_ID, SECTION_ID)
VALUES (100000060,'CPS109',1,1);
INSERT INTO STUDENT_ENROLLMENTS (STUDENT_ID, COURSE_CODE, TERM_ID, SECTION_ID)
VALUES (100000060,'CHY103',1,1);
INSERT INTO STUDENT_ENROLLMENTS (STUDENT_ID, COURSE_CODE, TERM_ID, SECTION_ID)
VALUES (100000004,'COE318',1,1);
INSERT INTO STUDENT_ENROLLMENTS (STUDENT_ID, COURSE_CODE, TERM_ID, SECTION_ID)
VALUES (100000060,'BLG143',1,2);

INSERT INTO GRADES
VALUES(5 ,'BLG143', 100000060, 1, 'C', 2);
INSERT INTO GRADES
VALUES(21 ,'COE328', 100000004, 1, 'A', 4);
INSERT INTO GRADES
VALUES(41 ,'COE318', 100000004, 1, 'C', 2);

INSERT INTO ACADEMIC_LETTER
VALUES(1, 21, '09/13/2021', 'COMPLETED');